Group,ID,Name
1,STUDENT001,Ms. Alice Johnson
1,STUDENT002,Mr. Bob Smith
1,STUDENT003,Ms. Carol Davis
1,STUDENT004,Mr. David Wilson
1,STUDENT005,Ms. Emma Brown
1,STUDENT006,Mr. Frank Miller
1,STUDENT007,Ms. Grace Lee
2,STUDENT008,Mr. Henry Garcia
2,STUDENT009,Ms. Ivy Martinez
2,STUDENT010,Mr. Jack Rodriguez
2,STUDENT011,Ms. Kate Anderson
2,STUDENT012,Mr. Luke Taylor
2,STUDENT013,Ms. Maya Thomas
2,STUDENT014,Mr. Noah Jackson
3,STUDENT015,Ms. Olivia White
3,STUDENT016,Mr. Paul Harris
3,STUDENT017,Ms. Quinn Martin
3,STUDENT018,Mr. Ryan Thompson
3,STUDENT019,Ms. Sarah Garcia
3,STUDENT020,Mr. Tyler Martinez
3,STUDENT021,Ms. Uma Robinson
4,STUDENT022,Mr. Victor Clark
4,STUDENT023,Ms. Wendy Rodriguez
4,STUDENT024,Mr. Xavier Lewis
4,STUDENT025,Ms. Yara Walker
4,STUDENT026,Mr. Zachary Hall
4,STUDENT027,Ms. Amy Allen
4,STUDENT028,Mr. Ben Young
5,STUDENT029,Ms. Chloe King
5,STUDENT030,Mr. Daniel Wright
5,STUDENT031,Ms. Ella Lopez
5,STUDENT032,Mr. Finn Hill
5,STUDENT033,Ms. Grace Scott
5,STUDENT034,Mr. Hugo Green
5,STUDENT035,Ms. Iris Adams
6,STUDENT036,Mr. Jake Baker
6,STUDENT037,Ms. Kelly Nelson
6,STUDENT038,Mr. Leo Carter
6,STUDENT039,Ms. Mia Mitchell
6,STUDENT040,Mr. Nick Perez
6,STUDENT041,Ms. Olivia Roberts
6,STUDENT042,Mr. Peter Turner
7,STUDENT043,Ms. Quinn Phillips
7,STUDENT044,Mr. Ryan Campbell
7,STUDENT045,Ms. Sarah Parker
7,STUDENT046,Mr. Tyler Evans
7,STUDENT047,Ms. Uma Edwards
7,STUDENT048,Mr. Victor Collins
7,STUDENT049,Ms. Wendy Stewart
8,STUDENT050,Mr. Xavier Sanchez
8,STUDENT051,Ms. Yara Morris
8,STUDENT052,Mr. Zachary Rogers
8,STUDENT053,Ms. Amy Reed
8,STUDENT054,Mr. Ben Cook
8,STUDENT055,Ms. Chloe Morgan
8,STUDENT056,Mr. Daniel Bell
9,STUDENT057,Ms. Ella Murphy
9,STUDENT058,Mr. Finn Bailey
9,STUDENT059,Ms. Grace Rivera
9,STUDENT060,Mr. Hugo Cooper
9,STUDENT061,Ms. Iris Richardson
9,STUDENT062,Mr. Jake Cox
9,STUDENT063,Ms. Kelly Ward
10,STUDENT064,Mr. Leo Torres
10,STUDENT065,Ms. Mia Peterson
10,STUDENT066,Mr. Nick Gray
10,STUDENT067,Ms. Olivia Ramirez
10,STUDENT068,Mr. Peter James
10,STUDENT069,Ms. Quinn Watson
10,STUDENT070,Mr. Ryan Brooks